epoch,time,train/box_loss,train/cls_loss,train/dfl_loss,metrics/precision(B),metrics/recall(B),metrics/mAP50(B),metrics/mAP50-95(B),val/box_loss,val/cls_loss,val/dfl_loss,lr/pg0,lr/pg1,lr/pg2
1,39.0658,2.52207,4.37514,1.93345,0.00723,0.11111,0.08247,0.05792,2.06758,4.39185,1.8183,6.152e-05,6.152e-05,6.152e-05
2,77.343,1.5692,4.07331,1.37422,0.01227,0.36467,0.15356,0.10338,1.08825,3.99658,1.05437,0.000128142,0.000128142,0.000128142
3,118.788,1.15826,3.50961,1.10351,0.01081,0.42758,0.19605,0.1393,1.07865,3.70239,0.96734,0.000192022,0.000192022,0.000192022
4,168.799,1.10986,2.78968,1.05016,0.98072,0.11009,0.3669,0.26258,0.92094,3.34182,0.93197,0.000253162,0.000253162,0.000253162
5,221.374,1.05052,2.10926,1.03829,1,0.11148,0.26515,0.17624,1.19647,3.65262,1.16095,0.000311562,0.000311562,0.000311562
6,289.987,1.01567,1.65921,1.01681,0.88889,0.08221,0.3566,0.20772,1.26837,3.69863,1.18747,0.000367221,0.000367221,0.000367221
7,367.791,0.94828,1.39271,0.98945,0.06443,0.75098,0.49812,0.32726,1.24663,3.32621,1.17717,0.000420139,0.000420139,0.000420139
8,450.231,0.98548,1.25276,0.9773,0.96234,0.19539,0.6293,0.40609,1.28828,2.91832,1.17923,0.000470316,0.000470316,0.000470316
9,527.614,0.86799,1.01962,0.9455,0.99483,0.28883,0.78563,0.52548,1.15281,2.59442,1.04964,0.000517752,0.000517752,0.000517752
10,598.737,0.92579,0.99599,0.9972,0.99611,0.43625,0.92923,0.69615,0.95744,2.29813,0.96075,0.000562448,0.000562448,0.000562448
11,672.234,0.87979,0.88555,0.95308,0.98922,0.73992,0.98627,0.77175,0.84051,1.70432,0.92031,0.000604403,0.000604403,0.000604403
12,745.621,0.8949,0.86258,0.9552,0.98457,0.86359,0.99108,0.77368,0.80957,1.34034,0.90463,0.000601512,0.000601512,0.000601512
13,1212.33,0.84619,0.83558,0.94834,0.98542,0.91205,0.9927,0.78271,0.76929,1.26842,0.89259,0.000586286,0.000586286,0.000586286
14,1242.21,0.81646,0.83433,0.93478,0.987,0.9065,0.99227,0.78824,0.78817,1.31506,0.89883,0.000571059,0.000571059,0.000571059
15,1272.32,0.88728,0.82867,0.93294,0.97904,0.94482,0.99172,0.77256,0.79676,1.24981,0.91715,0.000555833,0.000555833,0.000555833
16,1304.18,0.82193,0.77132,0.92535,0.97288,0.97803,0.99302,0.79051,0.77212,0.98826,0.9131,0.000540607,0.000540607,0.000540607
17,1339.02,0.81285,0.77942,0.92819,0.97764,0.98035,0.99296,0.7972,0.73413,0.91744,0.89518,0.000525381,0.000525381,0.000525381
18,1374.31,0.76808,0.71447,0.9176,0.97888,0.99786,0.99327,0.79977,0.71927,0.77358,0.88302,0.000510155,0.000510155,0.000510155
19,1411.38,0.80786,0.71354,0.92489,0.97976,0.99839,0.99229,0.77855,0.78452,0.78478,0.89081,0.000494928,0.000494928,0.000494928
20,1451.19,0.78186,0.70281,0.90699,0.97661,0.99836,0.99117,0.80206,0.71874,0.72366,0.87564,0.000479702,0.000479702,0.000479702
21,1495.58,0.77832,0.70239,0.90744,0.9793,0.99815,0.99168,0.81033,0.69987,0.66622,0.8691,0.000464476,0.000464476,0.000464476
22,1547.67,0.7449,0.68622,0.9017,0.98442,0.99726,0.99158,0.80857,0.70018,0.67888,0.87152,0.00044925,0.00044925,0.00044925
23,1605.16,0.80015,0.71995,0.91997,0.98417,0.99743,0.99233,0.81263,0.69515,0.72301,0.86876,0.000434024,0.000434024,0.000434024
24,1670.78,0.77349,0.65581,0.90306,0.98698,0.99559,0.99465,0.81437,0.69678,0.63636,0.879,0.000418797,0.000418797,0.000418797
25,1733.28,0.73361,0.67729,0.90722,0.98667,0.99756,0.99471,0.81041,0.69192,0.6422,0.86974,0.000403571,0.000403571,0.000403571
26,1799.11,0.74794,0.64682,0.90796,0.9852,0.99875,0.99407,0.79917,0.71508,0.64734,0.87842,0.000388345,0.000388345,0.000388345
27,1866.58,0.74476,0.63698,0.88776,0.98755,0.99996,0.99249,0.80557,0.71209,0.60046,0.87952,0.000373119,0.000373119,0.000373119
28,1954.12,0.71893,0.60906,0.88994,0.98653,1,0.99025,0.80556,0.69557,0.59259,0.87042,0.000357893,0.000357893,0.000357893
29,2040.39,0.72257,0.61471,0.88234,0.98651,1,0.99026,0.81066,0.68758,0.60295,0.86876,0.000342666,0.000342666,0.000342666
30,2125.72,0.71621,0.62101,0.9081,0.98935,0.99956,0.99299,0.81408,0.6802,0.58452,0.8718,0.00032744,0.00032744,0.00032744
31,2217.31,0.73403,0.64027,0.89846,0.98713,1,0.99293,0.81003,0.69193,0.58913,0.87214,0.000312214,0.000312214,0.000312214
32,2311.01,0.73789,0.62181,0.89992,0.98981,1,0.99421,0.80541,0.71696,0.59084,0.87701,0.000296988,0.000296988,0.000296988
33,2411.63,0.72865,0.61498,0.90309,0.98881,1,0.99406,0.81301,0.69703,0.56563,0.87268,0.000281762,0.000281762,0.000281762
34,2522,0.69653,0.58087,0.88315,0.98988,0.9996,0.99296,0.81204,0.69179,0.56856,0.87036,0.000266535,0.000266535,0.000266535
35,2620.95,0.70658,0.59629,0.89534,0.98581,0.99859,0.99211,0.81365,0.70651,0.58346,0.87299,0.000251309,0.000251309,0.000251309
36,2695.49,0.70008,0.60552,0.91362,0.9827,0.99846,0.99038,0.82396,0.6662,0.56173,0.86327,0.000236083,0.000236083,0.000236083
37,2764.99,0.71937,0.63978,0.89812,0.98571,1,0.99236,0.81895,0.66674,0.55132,0.86463,0.000220857,0.000220857,0.000220857
38,2834.93,0.70189,0.57739,0.88111,0.99007,1,0.99346,0.81395,0.69553,0.55557,0.87053,0.000205631,0.000205631,0.000205631
39,2907.06,0.72062,0.58571,0.89558,0.99083,1,0.99376,0.82092,0.6737,0.53864,0.86571,0.000190404,0.000190404,0.000190404
40,2981.26,0.69412,0.57974,0.89828,0.985,1,0.99283,0.82522,0.66781,0.53609,0.8609,0.000175178,0.000175178,0.000175178
41,3055.51,0.65989,0.5592,0.87965,0.98215,0.99974,0.99101,0.82437,0.66134,0.57864,0.85968,0.000159952,0.000159952,0.000159952
42,3126.19,0.64168,0.55082,0.86453,0.98457,0.99943,0.9909,0.82233,0.66863,0.58326,0.86201,0.000144726,0.000144726,0.000144726
43,3188.22,0.64441,0.54575,0.86062,0.99013,0.99908,0.99271,0.8193,0.67917,0.54802,0.86331,0.0001295,0.0001295,0.0001295
44,3243.8,0.67157,0.55845,0.86277,0.98864,0.99899,0.9915,0.82294,0.66751,0.53374,0.85854,0.000114273,0.000114273,0.000114273
45,3297.73,0.64738,0.53409,0.86607,0.98704,0.99918,0.9909,0.81937,0.66283,0.53282,0.85852,9.90472e-05,9.90472e-05,9.90472e-05
46,3349.55,0.64475,0.54134,0.86467,0.98925,0.99914,0.99147,0.816,0.68082,0.53941,0.86335,8.3821e-05,8.3821e-05,8.3821e-05
47,3401.35,0.66661,0.55814,0.88709,0.99035,1,0.99201,0.81823,0.67052,0.53336,0.86246,6.85948e-05,6.85948e-05,6.85948e-05
48,3456.21,0.6348,0.53034,0.8688,0.98975,1,0.99275,0.82442,0.65426,0.51871,0.85947,5.33686e-05,5.33686e-05,5.33686e-05
49,3505.68,0.63512,0.51605,0.86451,0.98942,1,0.99261,0.82446,0.6498,0.51203,0.859,3.81424e-05,3.81424e-05,3.81424e-05
50,3554.65,0.62153,0.51982,0.85304,0.98952,1,0.99272,0.8234,0.64891,0.51028,0.85921,2.29162e-05,2.29162e-05,2.29162e-05
